-- MySQL Script generated by MySQL Workbench
-- Mon Jan 14 23:29:45 2019
-- Model: New Model    Version: 1.0
-- MySQL Workbench Forward Engineering

SET @OLD_UNIQUE_CHECKS=@@UNIQUE_CHECKS, UNIQUE_CHECKS=0;
SET @OLD_FOREIGN_KEY_CHECKS=@@FOREIGN_KEY_CHECKS, FOREIGN_KEY_CHECKS=0;
SET @OLD_SQL_MODE=@@SQL_MODE, SQL_MODE='TRADITIONAL,ALLOW_INVALID_DATES';

-- -----------------------------------------------------
-- Schema sdi1400037
-- -----------------------------------------------------
DROP SCHEMA IF EXISTS `sdi1400037` ;

-- -----------------------------------------------------
-- Schema sdi1400037
-- -----------------------------------------------------
CREATE SCHEMA IF NOT EXISTS `sdi1400037` DEFAULT CHARACTER SET utf8 ;
USE `sdi1400037` ;

-- -----------------------------------------------------
-- Table `sdi1400037`.`Users`
-- -----------------------------------------------------
DROP TABLE IF EXISTS `sdi1400037`.`Users` ;

CREATE TABLE IF NOT EXISTS `sdi1400037`.`Users` (
  `idUsers` INT NOT NULL,
  `email` VARCHAR(45) NOT NULL,
  `password` VARCHAR(45) NOT NULL,
  `teamFlag` VARCHAR(20) NULL,
  PRIMARY KEY (`idUsers`),
  UNIQUE INDEX `email_UNIQUE` (`email` ASC),
  UNIQUE INDEX `idUsers_UNIQUE` (`idUsers` ASC))
ENGINE = InnoDB;


-- -----------------------------------------------------
-- Table `sdi1400037`.`University`
-- -----------------------------------------------------
DROP TABLE IF EXISTS `sdi1400037`.`University` ;

CREATE TABLE IF NOT EXISTS `sdi1400037`.`University` (
  `idUniversity` INT NOT NULL,
  `Name` VARCHAR(100) NOT NULL,
  PRIMARY KEY (`idUniversity`),
  UNIQUE INDEX `Name_UNIQUE` (`Name` ASC))
ENGINE = InnoDB;


-- -----------------------------------------------------
-- Table `sdi1400037`.`Student`
-- -----------------------------------------------------
DROP TABLE IF EXISTS `sdi1400037`.`Student` ;

CREATE TABLE IF NOT EXISTS `sdi1400037`.`Student` (
  `idStudent` INT NOT NULL,
  `FirstName` VARCHAR(45) NOT NULL,
  `LastName` VARCHAR(45) NOT NULL,
  `AM` VARCHAR(45) NOT NULL,
  `CurSem` INT NOT NULL,
  `Departments_id` INT NOT NULL,
  PRIMARY KEY (`idStudent`),
  UNIQUE INDEX `AM_UNIQUE` (`AM` ASC),
  INDEX `fk_Student_Departments1_idx` (`Departments_id` ASC),
  CONSTRAINT `fk_table2_Users1`
    FOREIGN KEY (`idStudent`)
    REFERENCES `sdi1400037`.`Users` (`idUsers`)
    ON DELETE NO ACTION
    ON UPDATE NO ACTION,
  CONSTRAINT `fk_Student_Departments1`
    FOREIGN KEY (`Departments_id`)
    REFERENCES `sdi1400037`.`Departments` (`idDepartments`)
    ON DELETE NO ACTION
    ON UPDATE NO ACTION)
ENGINE = InnoDB;


-- -----------------------------------------------------
-- Table `sdi1400037`.`Distributor`
-- -----------------------------------------------------
DROP TABLE IF EXISTS `sdi1400037`.`Distributor` ;

CREATE TABLE IF NOT EXISTS `sdi1400037`.`Distributor` (
  `idDistributor` INT NOT NULL,
  `Name` VARCHAR(60) NOT NULL,
  `Phone` VARCHAR(45) NOT NULL,
  `Location` VARCHAR(100) NOT NULL,
  PRIMARY KEY (`idDistributor`),
  UNIQUE INDEX `Users_id_UNIQUE` (`idDistributor` ASC),
  UNIQUE INDEX `Name_UNIQUE` (`Name` ASC),
  UNIQUE INDEX `Phone_UNIQUE` (`Phone` ASC),
  CONSTRAINT `fk_table1_Users1`
    FOREIGN KEY (`idDistributor`)
    REFERENCES `sdi1400037`.`Users` (`idUsers`)
    ON DELETE NO ACTION
    ON UPDATE NO ACTION)
ENGINE = InnoDB;


-- -----------------------------------------------------
-- Table `sdi1400037`.`Departments`
-- -----------------------------------------------------
DROP TABLE IF EXISTS `sdi1400037`.`Departments` ;

CREATE TABLE IF NOT EXISTS `sdi1400037`.`Departments` (
  `idDepartments` INT NOT NULL,
  `Name` VARCHAR(60) NOT NULL,
  `University` INT NOT NULL,
  PRIMARY KEY (`idDepartments`),
  UNIQUE INDEX `Name_UNIQUE` (`Name` ASC),
  INDEX `fk_Departments_University_idx` (`University` ASC),
  CONSTRAINT `fk_Departments_University`
    FOREIGN KEY (`University`)
    REFERENCES `sdi1400037`.`University` (`idUniversity`)
    ON DELETE NO ACTION
    ON UPDATE NO ACTION)
ENGINE = InnoDB;


-- -----------------------------------------------------
-- Table `sdi1400037`.`Classes`
-- -----------------------------------------------------
DROP TABLE IF EXISTS `sdi1400037`.`Classes` ;

CREATE TABLE IF NOT EXISTS `sdi1400037`.`Classes` (
  `idClasses` INT NOT NULL,
  `Name` VARCHAR(45) NOT NULL,
  `Semester` INT NOT NULL,
  `Departments_id` INT NOT NULL,
  PRIMARY KEY (`idClasses`),
  INDEX `fk_Maths_Departments1_idx` (`Departments_id` ASC),
  UNIQUE INDEX `idClasses_UNIQUE` (`idClasses` ASC),
  CONSTRAINT `fk_Maths_Departments1`
    FOREIGN KEY (`Departments_id`)
    REFERENCES `sdi1400037`.`Departments` (`idDepartments`)
    ON DELETE NO ACTION
    ON UPDATE NO ACTION)
ENGINE = InnoDB;


-- -----------------------------------------------------
-- Table `sdi1400037`.`Student_has_Book`
-- -----------------------------------------------------
DROP TABLE IF EXISTS `sdi1400037`.`Student_has_Book` ;

CREATE TABLE IF NOT EXISTS `sdi1400037`.`Student_has_Book` (
  `Student_idStudent` INT NOT NULL,
  `Book_idBook` INT NOT NULL,
  PRIMARY KEY (`Student_idStudent`, `Book_idBook`),
  INDEX `fk_Student_has_Book_Student1_idx` (`Student_idStudent` ASC),
  CONSTRAINT `fk_Student_has_Book_Student1`
    FOREIGN KEY (`Student_idStudent`)
    REFERENCES `sdi1400037`.`Student` (`idStudent`)
    ON DELETE NO ACTION
    ON UPDATE NO ACTION)
ENGINE = InnoDB;


-- -----------------------------------------------------
-- Table `sdi1400037`.`Books`
-- -----------------------------------------------------
DROP TABLE IF EXISTS `sdi1400037`.`Books` ;

CREATE TABLE IF NOT EXISTS `sdi1400037`.`Books` (
  `idBooks` INT NOT NULL,
  `Title` VARCHAR(200) NOT NULL,
  `Author` VARCHAR(100) NOT NULL,
  `Publication` VARCHAR(60) NOT NULL,
  `ISBN` VARCHAR(30) NOT NULL,
  PRIMARY KEY (`idBooks`),
  UNIQUE INDEX `idBooks_UNIQUE` (`idBooks` ASC),
  UNIQUE INDEX `Title_UNIQUE` (`Title` ASC))
ENGINE = InnoDB;


-- -----------------------------------------------------
-- Table `sdi1400037`.`Classes_has_Book`
-- -----------------------------------------------------
DROP TABLE IF EXISTS `sdi1400037`.`Classes_has_Book` ;

CREATE TABLE IF NOT EXISTS `sdi1400037`.`Classes_has_Book` (
  `idBooks` INT NOT NULL,
  `Classes_idClasses` INT NOT NULL,
  PRIMARY KEY (`idBooks`),
  INDEX `fk_Classes_has_Book_Books1_idx` (`idBooks` ASC),
  INDEX `fk_Classes_has_Book_Classes1_idx` (`Classes_idClasses` ASC),
  UNIQUE INDEX `idBooks_UNIQUE` (`idBooks` ASC),
  CONSTRAINT `fk_Classes_has_Book_Books1`
    FOREIGN KEY (`idBooks`)
    REFERENCES `sdi1400037`.`Books` (`idBooks`)
    ON DELETE NO ACTION
    ON UPDATE NO ACTION,
  CONSTRAINT `fk_Classes_has_Book_Classes1`
    FOREIGN KEY (`Classes_idClasses`)
    REFERENCES `sdi1400037`.`Classes` (`idClasses`)
    ON DELETE NO ACTION
    ON UPDATE NO ACTION)
ENGINE = InnoDB;


-- -----------------------------------------------------
-- Table `sdi1400037`.`Distributor_has_Book`
-- -----------------------------------------------------
DROP TABLE IF EXISTS `sdi1400037`.`Distributor_has_Book` ;

CREATE TABLE IF NOT EXISTS `sdi1400037`.`Distributor_has_Book` (
  `idBooks` INT NOT NULL,
  `idDistributor` INT NOT NULL,
  PRIMARY KEY (`idBooks`),
  INDEX `fk_Distributor_has_Book_Books1_idx` (`idBooks` ASC),
  INDEX `fk_Distributor_has_Book_Distributor2_idx` (`idDistributor` ASC),
  CONSTRAINT `fk_Distributor_has_Book_Books1`
    FOREIGN KEY (`idBooks`)
    REFERENCES `sdi1400037`.`Books` (`idBooks`)
    ON DELETE NO ACTION
    ON UPDATE NO ACTION,
  CONSTRAINT `fk_Distributor_has_Book_Distributor2`
    FOREIGN KEY (`idDistributor`)
    REFERENCES `sdi1400037`.`Distributor` (`idDistributor`)
    ON DELETE NO ACTION
    ON UPDATE NO ACTION)
ENGINE = InnoDB;


-- -----------------------------------------------------
-- Table `sdi1400037`.`Distributor`
-- -----------------------------------------------------
DROP TABLE IF EXISTS `sdi1400037`.`Distributor` ;

CREATE TABLE IF NOT EXISTS `sdi1400037`.`Distributor` (
  `idDistributor` INT NOT NULL,
  `Name` VARCHAR(60) NOT NULL,
  `Phone` VARCHAR(45) NOT NULL,
  `Location` VARCHAR(100) NOT NULL,
  PRIMARY KEY (`idDistributor`),
  UNIQUE INDEX `Users_id_UNIQUE` (`idDistributor` ASC),
  UNIQUE INDEX `Name_UNIQUE` (`Name` ASC),
  UNIQUE INDEX `Phone_UNIQUE` (`Phone` ASC),
  CONSTRAINT `fk_table1_Users1`
    FOREIGN KEY (`idDistributor`)
    REFERENCES `sdi1400037`.`Users` (`idUsers`)
    ON DELETE NO ACTION
    ON UPDATE NO ACTION)
ENGINE = InnoDB;


-- -----------------------------------------------------
-- Table `sdi1400037`.`Student`
-- -----------------------------------------------------
DROP TABLE IF EXISTS `sdi1400037`.`Student` ;

CREATE TABLE IF NOT EXISTS `sdi1400037`.`Student` (
  `idStudent` INT NOT NULL,
  `FirstName` VARCHAR(45) NOT NULL,
  `LastName` VARCHAR(45) NOT NULL,
  `AM` VARCHAR(45) NOT NULL,
  `CurSem` INT NOT NULL,
  `Departments_id` INT NOT NULL,
  PRIMARY KEY (`idStudent`),
  UNIQUE INDEX `AM_UNIQUE` (`AM` ASC),
  INDEX `fk_Student_Departments1_idx` (`Departments_id` ASC),
  CONSTRAINT `fk_table2_Users1`
    FOREIGN KEY (`idStudent`)
    REFERENCES `sdi1400037`.`Users` (`idUsers`)
    ON DELETE NO ACTION
    ON UPDATE NO ACTION,
  CONSTRAINT `fk_Student_Departments1`
    FOREIGN KEY (`Departments_id`)
    REFERENCES `sdi1400037`.`Departments` (`idDepartments`)
    ON DELETE NO ACTION
    ON UPDATE NO ACTION)
ENGINE = InnoDB;


-- -----------------------------------------------------
-- Table `sdi1400037`.`History`
-- -----------------------------------------------------
DROP TABLE IF EXISTS `sdi1400037`.`History` ;

CREATE TABLE IF NOT EXISTS `sdi1400037`.`History` (
  `Student_id` INT NOT NULL,
  `idBooks` INT NOT NULL,
  PRIMARY KEY (`Student_id`, `idBooks`),
  INDEX `fk_Student_has_Book1_Student1_idx` (`Student_id` ASC),
  INDEX `fk_History_Books1_idx` (`idBooks` ASC),
  CONSTRAINT `fk_Student_has_Book1_Student1`
    FOREIGN KEY (`Student_id`)
    REFERENCES `sdi1400037`.`Student` (`idStudent`)
    ON DELETE NO ACTION
    ON UPDATE NO ACTION,
  CONSTRAINT `fk_History_Books1`
    FOREIGN KEY (`idBooks`)
    REFERENCES `sdi1400037`.`Books` (`idBooks`)
    ON DELETE NO ACTION
    ON UPDATE NO ACTION)
ENGINE = InnoDB;


-- -----------------------------------------------------
-- Table `sdi1400037`.`Distributor_has_Book`
-- -----------------------------------------------------
DROP TABLE IF EXISTS `sdi1400037`.`Distributor_has_Book` ;

CREATE TABLE IF NOT EXISTS `sdi1400037`.`Distributor_has_Book` (
  `idBooks` INT NOT NULL,
  `idDistributor` INT NOT NULL,
  PRIMARY KEY (`idBooks`),
  INDEX `fk_Distributor_has_Book_Books1_idx` (`idBooks` ASC),
  INDEX `fk_Distributor_has_Book_Distributor2_idx` (`idDistributor` ASC),
  CONSTRAINT `fk_Distributor_has_Book_Books1`
    FOREIGN KEY (`idBooks`)
    REFERENCES `sdi1400037`.`Books` (`idBooks`)
    ON DELETE NO ACTION
    ON UPDATE NO ACTION,
  CONSTRAINT `fk_Distributor_has_Book_Distributor2`
    FOREIGN KEY (`idDistributor`)
    REFERENCES `sdi1400037`.`Distributor` (`idDistributor`)
    ON DELETE NO ACTION
    ON UPDATE NO ACTION)
ENGINE = InnoDB;


SET SQL_MODE=@OLD_SQL_MODE;
SET FOREIGN_KEY_CHECKS=@OLD_FOREIGN_KEY_CHECKS;
SET UNIQUE_CHECKS=@OLD_UNIQUE_CHECKS;

-- -----------------------------------------------------
-- Data for table `sdi1400037`.`Users`
-- -----------------------------------------------------
START TRANSACTION;
USE `sdi1400037`;
INSERT INTO `sdi1400037`.`Users` (`idUsers`, `email`, `password`, `teamFlag`) VALUES (1, 'errikos@hotmail.com', 'e9510081ac30ffa83f10b68cde1cac07', '1');
INSERT INTO `sdi1400037`.`Users` (`idUsers`, `email`, `password`, `teamFlag`) VALUES (2, 'kostas@hotmail.com', 'e9510081ac30ffa83f10b68cde1cac07', '1');
INSERT INTO `sdi1400037`.`Users` (`idUsers`, `email`, `password`, `teamFlag`) VALUES (3, 'dist1@hotmail.com', 'e9510081ac30ffa83f10b68cde1cac07', '2');
INSERT INTO `sdi1400037`.`Users` (`idUsers`, `email`, `password`, `teamFlag`) VALUES (4, 'dist2@hotmail.com', 'e9510081ac30ffa83f10b68cde1cac07', '2');

COMMIT;


-- -----------------------------------------------------
-- Data for table `sdi1400037`.`University`
-- -----------------------------------------------------
START TRANSACTION;
USE `sdi1400037`;
INSERT INTO `sdi1400037`.`University` (`idUniversity`, `Name`) VALUES (1, 'Καποδιστριακό Πανεπιστήμιο Αθηνών');

COMMIT;


-- -----------------------------------------------------
-- Data for table `sdi1400037`.`Departments`
-- -----------------------------------------------------
START TRANSACTION;
USE `sdi1400037`;
INSERT INTO `sdi1400037`.`Departments` (`idDepartments`, `Name`, `University`) VALUES (1, 'Πληροφορικής και Τηλεπικοινωνιών', 1);
INSERT INTO `sdi1400037`.`Departments` (`idDepartments`, `Name`, `University`) VALUES (2, 'Μαθηματικό', 1);

COMMIT;


-- -----------------------------------------------------
-- Data for table `sdi1400037`.`Classes`
-- -----------------------------------------------------
START TRANSACTION;
USE `sdi1400037`;
INSERT INTO `sdi1400037`.`Classes` (`idClasses`, `Name`, `Semester`, `Departments_id`) VALUES (1, 'Μαθηματικά Μηχανικής', 1, 1);
INSERT INTO `sdi1400037`.`Classes` (`idClasses`, `Name`, `Semester`, `Departments_id`) VALUES (2, 'Φυσικη', 1, 1);
INSERT INTO `sdi1400037`.`Classes` (`idClasses`, `Name`, `Semester`, `Departments_id`) VALUES (3, 'Εργαστήριο Φυσικής', 2, 1);
INSERT INTO `sdi1400037`.`Classes` (`idClasses`, `Name`, `Semester`, `Departments_id`) VALUES (4, 'Ανάλυση', 2, 1);
INSERT INTO `sdi1400037`.`Classes` (`idClasses`, `Name`, `Semester`, `Departments_id`) VALUES (5, 'Μαθηματικά Οικονομικών', 3, 1);
INSERT INTO `sdi1400037`.`Classes` (`idClasses`, `Name`, `Semester`, `Departments_id`) VALUES (6, 'Μηχανική', 3, 1);
INSERT INTO `sdi1400037`.`Classes` (`idClasses`, `Name`, `Semester`, `Departments_id`) VALUES (7, 'Θεωρητικές Επιστήμες', 4, 1);
INSERT INTO `sdi1400037`.`Classes` (`idClasses`, `Name`, `Semester`, `Departments_id`) VALUES (8, 'Βιολογία', 4, 1);

COMMIT;


-- -----------------------------------------------------
-- Data for table `sdi1400037`.`Books`
-- -----------------------------------------------------
START TRANSACTION;
USE `sdi1400037`;
INSERT INTO `sdi1400037`.`Books` (`idBooks`, `Title`, `Author`, `Publication`, `ISBN`) VALUES (1, 'Η Φυσική στη Βιολογία και την Ιατρική', 'Paul Davidovits', ' ΠΑΡΙΣΙΑΝΟΥ ΑΝΩΝΥΜΗ ΕΚΔΟΤΙΚΗ ', '978-960-583-420-3');
INSERT INTO `sdi1400037`.`Books` (`idBooks`, `Title`, `Author`, `Publication`, `ISBN`) VALUES (2, 'Ζωή στην κόψη', 'Jim Al-Khalili και Johnjoe McFadden', 'ΤΡΑΥΛΟΣ & ΣΙΑ ΟΕ', '978-618-5061-09-8');
INSERT INTO `sdi1400037`.`Books` (`idBooks`, `Title`, `Author`, `Publication`, `ISBN`) VALUES (3, 'Το μαθηματικό σύμπαν μας', 'Max Tegmark', 'ΤΡΑΥΛΟΣ & ΣΙΑ ΟΕ', '978-618-5061-05-0');
INSERT INTO `sdi1400037`.`Books` (`idBooks`, `Title`, `Author`, `Publication`, `ISBN`) VALUES (4, 'ΚΒΑΝΤΙΚΗ ΦΥΣΙΚΗ ΚΑΙ ΕΠΙΣΤΗΜΟΝΙΚΟΣ ΡΕΑΛΙΣΜΟΣ', 'ΜΑΡΙΑ Κ. ΠΑΝΑΓΙΩΤΑΤΟΥ', 'ΦΑΙΔΩΝ-ΓΡΗΓΟΡΙΟΣ ΚΥΔΩΝΙΑΤΗΣ', '978-618-5027-48-3');
INSERT INTO `sdi1400037`.`Books` (`idBooks`, `Title`, `Author`, `Publication`, `ISBN`) VALUES (5, 'Εργαστηριακές ασκήσεις φυσικής', 'Κουνάβης Παναγιώτης', 'Γ. ΔΑΡΔΑΝΟΣ - Κ. ΔΑΡΔΑΝΟΣ Ο.Ε.', '978-960-01-1972-5');
INSERT INTO `sdi1400037`.`Books` (`idBooks`, `Title`, `Author`, `Publication`, `ISBN`) VALUES (6, 'Εργαστηριακά θέματα φυσικής στερεάς κατάστασης', 'Κατσικίνη Μαρία, Βες Σωτήριος', ' ΕΚΔΟΣΕΙΣ ΚΡΙΤΙΚΗ ΑΕ', '978-960-586-265-7');
INSERT INTO `sdi1400037`.`Books` (`idBooks`, `Title`, `Author`, `Publication`, `ISBN`) VALUES (7, 'Θεωρητικό Ελάχιστο - Κλασσική μηχανική', 'Susskind, Leonard - George Hrabovsky', 'ΧΑΡΙΤΟΣ ΧΡ. ΠΑΝΑΓΙΩΤΗΣ', '978-618-5289-26-3');
INSERT INTO `sdi1400037`.`Books` (`idBooks`, `Title`, `Author`, `Publication`, `ISBN`) VALUES (8, 'ΦΥΣΙΚΗ για Επιστήμονες και Μηχανικούς-ΤΟΜΟΣ ΙΙ: Ταλαντώσεις, Κύματα, Οπτική, Ηλεκτρομαγνητισμός', 'Randall D. Knight', ' ΜΑΡΙΑ ΠΑΡΙΚΟΥ & ΣΙΑ ΕΠΕ', '978-960-319-306-7');
INSERT INTO `sdi1400037`.`Books` (`idBooks`, `Title`, `Author`, `Publication`, `ISBN`) VALUES (9, 'ΦΥΣΙΚΗ για Επιστήμονες και Μηχανικούς-ΤΟΜΟΣ ΙΒ: Μηχανική, Κύματα, Οπτική', 'Randall D. Knight', ' ΜΑΡΙΑ ΠΑΡΙΚΟΥ & ΣΙΑ ΕΠΕ', '978-960-319-299-2');
INSERT INTO `sdi1400037`.`Books` (`idBooks`, `Title`, `Author`, `Publication`, `ISBN`) VALUES (10, 'ΦΥΣΙΚΗ για Επιστήμονες και Μηχανικούς-ΤΟΜΟΣ ΙΑ: Μηχανική, Θερμοδυναμική', 'Randall D. Knight', ' ΜΑΡΙΑ ΠΑΡΙΚΟΥ & ΣΙΑ ΕΠΕ', '978-960-319-297-8');
INSERT INTO `sdi1400037`.`Books` (`idBooks`, `Title`, `Author`, `Publication`, `ISBN`) VALUES (11, 'Εφαρμοσμένα Μαθηματικά', 'Θεοδώρου Αθανάσιος', 'UNIBOOKS ΙΚΕ', '9789185904501');
INSERT INTO `sdi1400037`.`Books` (`idBooks`, `Title`, `Author`, `Publication`, `ISBN`) VALUES (12, 'ΜΑΘΗΜΑΤΙΚΑ', 'ΓΙΩΡΓΟΣ Λ. ΕΥΑΓΓΕΛΟΠΟΥΛΟΣ', 'ΦΑΙΔΩΝ-ΓΡΗΓΟΡΙΟΣ ΚΥΔΩΝΙΑΤΗΣ', '978-618-5027-66-1');
INSERT INTO `sdi1400037`.`Books` (`idBooks`, `Title`, `Author`, `Publication`, `ISBN`) VALUES (13, 'Οικονομικά Μαθηματικά', 'Αστέριος Σόρμας', 'ΑΛΕΞΑΝΔΡΟΣ Σ. Ι.Κ.Ε.', '978-618-82778-9-2');
INSERT INTO `sdi1400037`.`Books` (`idBooks`, `Title`, `Author`, `Publication`, `ISBN`) VALUES (14, 'ΜΑΘΗΜΑΤΙΚΑ ΔΙΟΙΚΗΤΙΚΩΝ ΚΑΙ ΟΙΚΟΝΟΜΙΚΩΝ ΕΠΙΣΤΗΜΩΝ', 'ΜΟΣΧΙΔΗΣ ΟΔΥΣΣΕΑΣ', 'ΑΛΤΙΝΤΖΗΣ Α. ΑΓΓΕΛΟΣ', '978-960-9465-39-7');
INSERT INTO `sdi1400037`.`Books` (`idBooks`, `Title`, `Author`, `Publication`, `ISBN`) VALUES (15, 'Μαθηματικά Για Μηχανικούς1', 'Μιχάλτσος Γ.', 'ΤΣΟΤΡΑΣ ΑΝ ΑΘΑΝΑΣΙΟΣ', '978-618-5309-25-1');
INSERT INTO `sdi1400037`.`Books` (`idBooks`, `Title`, `Author`, `Publication`, `ISBN`) VALUES (16, 'Μαθηματικά Για Μηχανικούς2', 'Μιχάλτσος Γ.', 'ΤΣΟΤΡΑΣ ΑΝ ΑΘΑΝΑΣΙΟΣ', '978-618-5309-24-4');

COMMIT;


-- -----------------------------------------------------
-- Data for table `sdi1400037`.`Classes_has_Book`
-- -----------------------------------------------------
START TRANSACTION;
USE `sdi1400037`;
INSERT INTO `sdi1400037`.`Classes_has_Book` (`idBooks`, `Classes_idClasses`) VALUES (15, 1);
INSERT INTO `sdi1400037`.`Classes_has_Book` (`idBooks`, `Classes_idClasses`) VALUES (16, 1);
INSERT INTO `sdi1400037`.`Classes_has_Book` (`idBooks`, `Classes_idClasses`) VALUES (8, 2);
INSERT INTO `sdi1400037`.`Classes_has_Book` (`idBooks`, `Classes_idClasses`) VALUES (9, 2);
INSERT INTO `sdi1400037`.`Classes_has_Book` (`idBooks`, `Classes_idClasses`) VALUES (5, 3);
INSERT INTO `sdi1400037`.`Classes_has_Book` (`idBooks`, `Classes_idClasses`) VALUES (6, 3);
INSERT INTO `sdi1400037`.`Classes_has_Book` (`idBooks`, `Classes_idClasses`) VALUES (11, 4);
INSERT INTO `sdi1400037`.`Classes_has_Book` (`idBooks`, `Classes_idClasses`) VALUES (12, 4);
INSERT INTO `sdi1400037`.`Classes_has_Book` (`idBooks`, `Classes_idClasses`) VALUES (13, 5);
INSERT INTO `sdi1400037`.`Classes_has_Book` (`idBooks`, `Classes_idClasses`) VALUES (14, 5);
INSERT INTO `sdi1400037`.`Classes_has_Book` (`idBooks`, `Classes_idClasses`) VALUES (7, 6);
INSERT INTO `sdi1400037`.`Classes_has_Book` (`idBooks`, `Classes_idClasses`) VALUES (10, 6);
INSERT INTO `sdi1400037`.`Classes_has_Book` (`idBooks`, `Classes_idClasses`) VALUES (3, 7);
INSERT INTO `sdi1400037`.`Classes_has_Book` (`idBooks`, `Classes_idClasses`) VALUES (4, 7);
INSERT INTO `sdi1400037`.`Classes_has_Book` (`idBooks`, `Classes_idClasses`) VALUES (1, 8);
INSERT INTO `sdi1400037`.`Classes_has_Book` (`idBooks`, `Classes_idClasses`) VALUES (2, 8);

COMMIT;


-- -----------------------------------------------------
-- Data for table `sdi1400037`.`Distributor`
-- -----------------------------------------------------
START TRANSACTION;
USE `sdi1400037`;
INSERT INTO `sdi1400037`.`Distributor` (`idDistributor`, `Name`, `Phone`, `Location`) VALUES (3, 'Πολιτεία', '2103600235', 'Σόλωνος 69, Αθήνα');
INSERT INTO `sdi1400037`.`Distributor` (`idDistributor`, `Name`, `Phone`, `Location`) VALUES (4, 'Πρωτοπορεία', '2103801591', 'Γραβιάς 3-5, Αθήνα');

COMMIT;


-- -----------------------------------------------------
-- Data for table `sdi1400037`.`Student`
-- -----------------------------------------------------
START TRANSACTION;
USE `sdi1400037`;
INSERT INTO `sdi1400037`.`Student` (`idStudent`, `FirstName`, `LastName`, `AM`, `CurSem`, `Departments_id`) VALUES (1, 'Errikos', 'Gutierrez', '1400037', 9, 1);
INSERT INTO `sdi1400037`.`Student` (`idStudent`, `FirstName`, `LastName`, `AM`, `CurSem`, `Departments_id`) VALUES (2, 'Kostas', 'Maragos', '1400095', 9, 1);

COMMIT;


-- -----------------------------------------------------
-- Data for table `sdi1400037`.`Distributor_has_Book`
-- -----------------------------------------------------
START TRANSACTION;
USE `sdi1400037`;
INSERT INTO `sdi1400037`.`Distributor_has_Book` (`idBooks`, `idDistributor`) VALUES (1, 3);
INSERT INTO `sdi1400037`.`Distributor_has_Book` (`idBooks`, `idDistributor`) VALUES (2, 3);
INSERT INTO `sdi1400037`.`Distributor_has_Book` (`idBooks`, `idDistributor`) VALUES (3, 3);
INSERT INTO `sdi1400037`.`Distributor_has_Book` (`idBooks`, `idDistributor`) VALUES (4, 3);
INSERT INTO `sdi1400037`.`Distributor_has_Book` (`idBooks`, `idDistributor`) VALUES (5, 3);
INSERT INTO `sdi1400037`.`Distributor_has_Book` (`idBooks`, `idDistributor`) VALUES (6, 3);
INSERT INTO `sdi1400037`.`Distributor_has_Book` (`idBooks`, `idDistributor`) VALUES (7, 3);
INSERT INTO `sdi1400037`.`Distributor_has_Book` (`idBooks`, `idDistributor`) VALUES (8, 4);
INSERT INTO `sdi1400037`.`Distributor_has_Book` (`idBooks`, `idDistributor`) VALUES (9, 4);
INSERT INTO `sdi1400037`.`Distributor_has_Book` (`idBooks`, `idDistributor`) VALUES (10, 4);
INSERT INTO `sdi1400037`.`Distributor_has_Book` (`idBooks`, `idDistributor`) VALUES (11, 4);
INSERT INTO `sdi1400037`.`Distributor_has_Book` (`idBooks`, `idDistributor`) VALUES (12, 4);
INSERT INTO `sdi1400037`.`Distributor_has_Book` (`idBooks`, `idDistributor`) VALUES (13, 4);
INSERT INTO `sdi1400037`.`Distributor_has_Book` (`idBooks`, `idDistributor`) VALUES (14, 4);
INSERT INTO `sdi1400037`.`Distributor_has_Book` (`idBooks`, `idDistributor`) VALUES (15, 4);
INSERT INTO `sdi1400037`.`Distributor_has_Book` (`idBooks`, `idDistributor`) VALUES (16, 4);

COMMIT;


-- -----------------------------------------------------
-- Data for table `sdi1400037`.`History`
-- -----------------------------------------------------
START TRANSACTION;
USE `sdi1400037`;
INSERT INTO `sdi1400037`.`History` (`Student_id`, `idBooks`) VALUES (1, 6);
INSERT INTO `sdi1400037`.`History` (`Student_id`, `idBooks`) VALUES (1, 9);
INSERT INTO `sdi1400037`.`History` (`Student_id`, `idBooks`) VALUES (1, 11);
INSERT INTO `sdi1400037`.`History` (`Student_id`, `idBooks`) VALUES (1, 15);

COMMIT;


-- -----------------------------------------------------
-- Data for table `sdi1400037`.`Student_has_Book`
-- -----------------------------------------------------
START TRANSACTION;
USE `sdi1400037`;
INSERT INTO `sdi1400037`.`Student_has_Book` (`Student_idStudent`, `Book_idBook`) VALUES (1, 9);
INSERT INTO `sdi1400037`.`Student_has_Book` (`Student_idStudent`, `Book_idBook`) VALUES (1, 11);
INSERT INTO `sdi1400037`.`Student_has_Book` (`Student_idStudent`, `Book_idBook`) VALUES (1, 15);

COMMIT;
